<?xml version="1.0" encoding="UTF-8" standalone="yes"?>
<addon id="plugin.program.mbtvwizard" name="[COLOR darkorchid]MB[/COLOR][COLOR royalblue]TV[/COLOR] Wizard" version="1.1" provider-name="meirb88">
    <requires>
        <import addon="xbmc.python" version="3.0.0" />
        <import addon="script.module.requests" />
        <import addon="script.module.six" />
        <import addon="script.kodi.android.update" optional="true" version="1.1.7" />
        <import addon="script.speedtester" optional="true" version="1.1.2" />
    </requires>
    
    <extension point="xbmc.python.pluginsource" library="default.py">
        <provides>executable</provides>
    </extension>
    
    <extension point="xbmc.service" library="startup.py" start="startup" />
    
    <extension point="xbmc.addon.metadata">
        <summary lang="en">[COLOR darkorchid]MB[/COLOR][COLOR royalblue]TV[/COLOR] Wizard 19</summary>
        <description lang="en">[COLOR darkorchid]MB[/COLOR][COLOR royalblue]TV[/COLOR] Wizard for kodi 19. offers access to the latest MBTV Builds- Israeli full tv experience builds.</description>
        <platform>all</platform>
        <reuselanguageinvoker>false</reuselanguageinvoker>
        <source>https://www.github.com/a4k-openproject/plugin.program.openwizard/</source>
        <news>
Matrix-1.0.0
 - שחרור ראשון
        </news>
        <assets>
            <icon>icon.png</icon>
            <fanart>fanart.png</fanart>
        </assets>
    </extension>
</addon>
